ID,Addon,Copies,Category,Title,Slot type,Counter slots,Text,RU Text,Funny text,Notes
,,1,TECH,Crippling Safetyism,‚ñ¢,10,"Until this Ticket is closed, no other TECH Ticket can be worked on.","–ü–æ–∫–∞ —ç—Ç–æ—Ç –¢–∏–∫–µ—Ç –Ω–µ –∑–∞–∫—Ä—ã—Ç, –Ω–µ–ª—å–∑—è —Ä–∞–±–æ—Ç–∞—Ç—å –Ω–∏ –Ω–∞–¥ –∫–∞–∫–∏–º –¥—Ä—É–≥–∏–º TECH –¢–∏–∫–µ—Ç–æ–º.",,One of the main concerns: whether to use Markets for referencing them like this.
,,1,TECH,Pre-Release,‚ñ¢,3,You can only place counters on this Ticket when there 2 or fewer non-Completed Features in the Product.,"–í—ã –º–æ–∂–µ—Ç–µ –ø–æ–º–µ—â–∞—Ç—å —á–µ–ª–æ–≤–µ–∫–æ-—á–∞—Å—ã –Ω–∞ —ç—Ç–æ—Ç –¢–∏–∫–µ—Ç, —Ç–æ–ª—å–∫–æ –µ—Å–ª–∏ –µ—Å—Ç—å 2 –∏–ª–∏ –º–µ–Ω—å—à–µ –Ω–µ-–ó–∞–≤–µ—Ä—à—ë–Ω–Ω—ã–µ –§–∏—á–∏ –≤ –≤–∞—à–µ–º –ü—Ä–æ–¥—É–∫—Ç–µ.",,
,,2,DESIGN,Quick Hit,‚ñ¢,2,,,,
,,1,TECH,We Need A 10x Engineer!,‚ñ¢,5,Only the CTO can place counters on this Ticket.,–¢–æ–ª—å–∫–æ CTO –º–æ–∂–µ—Ç –¥–æ–±–∞–≤–ª—è—Ç—å —á–µ–ª–æ–≤–µ–∫–æ-—á–∞—Å—ã –Ω–∞ —ç—Ç–æ—Ç –¢–∏–∫–µ—Ç.,,
,,1,TECH,API Integrations,‚ñ¢,3,üöÄ: Place 1 counter on this Ticket for every 5 TECH Tickets in the Work discard pile.,üöÄ: –î–æ–±–∞–≤—å—Ç–µ 1 —á–µ–ª–æ–≤–µ–∫–æ-—á–∞—Å –Ω–∞ —ç—Ç–æ—Ç –¢–∏–∫–µ—Ç –∑–∞ –∫–∞–∂–¥—ã–µ 5 TECH –¢–∏–∫–µ—Ç–æ–≤ –≤ Work-—Å–±—Ä–æ—Å–µ.,,"Probably should be in reverse? If 3 or fewer, then API integration is fast?"
,,1,DESIGN,Hard To Grasp,‚ñ¢,12,"üÖ∞Ô∏è: Roll a die. If even, place that many counters on this Ticket. If odd, remove that many.","üÖ∞Ô∏è: –ö–∏–Ω—å—Ç–µ –∫—É–±–∏–∫. –ï—Å–ª–∏ —á—ë—Ç–Ω–æ, –¥–æ–±–∞–≤—å—Ç–µ —Å—Ç–æ–ª—å–∫–æ —á–µ–ª–æ–≤–µ–∫–æ-—á–∞—Å–æ–≤ –Ω–∞ —ç—Ç–æ—Ç –¢–∏–∫–µ—Ç. –ï—Å–ª–∏ –Ω–µ—á—ë—Ç–Ω–æ, —É–±–µ—Ä–∏—Ç–µ —Å—Ç–æ–ª—å–∫–æ —á–µ–ª–æ–≤–µ–∫–æ-—á–∞—Å–æ–≤ —Å –Ω–µ–≥–æ.",,
,,1,DESIGN,Picky Customers,‚úï,6,"üöÄ: Roll a die. Place that many counters on this Ticket.

üÖ∞Ô∏è:  Spend your action to remove 1 counter. At 0, close it.","üöÄ: –ö–∏–Ω—å—Ç–µ –∫—É–±–∏–∫. –î–æ–±–∞–≤—å—Ç–µ —Å—Ç–æ–ª—å–∫–æ —á–µ–ª–æ–≤–µ–∫–æ-—á–∞—Å–æ–≤ –Ω–∞ —ç—Ç–æ—Ç –¢–∏–∫–µ—Ç.

üÖ∞Ô∏è: –ü–æ—Ç—Ä–∞—Ç—å—Ç–µ —Å–≤–æ—ë –¥–µ–π—Å—Ç–≤–∏–µ, —á—Ç–æ–±—ã —É–±—Ä–∞—Ç—å 1 —á–µ–ª–æ–≤–µ–∫–æ-—á–∞—Å. –ö–æ–≥–¥–∞ 0, –∑–∞–∫—Ä–æ–π—Ç–µ —ç—Ç–æ—Ç –¢–∏–∫–µ—Ç.",,
,,1,TECH,Microservice Architecture,‚ñ¢,6,"üöÄ: For each standalone group of Completed single-Market Features, place 1 counter on this Ticket. If 6 counters or more, close this Ticket.","üöÄ: –î–ª—è –∫–∞–∂–¥–æ–π –æ—Ç–¥–µ–ª—å–Ω–æ–π –≥—Ä—É–ø–ø—ã –ó–∞–≤–µ—Ä—à—ë–Ω–Ω—ã—Ö –æ–¥–Ω–æ-–†—ã–Ω–∫–æ–≤—ã—Ö –§–∏—á, –ø–æ–ª–æ–∂–∏—Ç–µ 1 —á–µ–ª–æ–≤–µ–∫–æ-—á–∞—Å –Ω–∞ —ç—Ç–æ—Ç –¢–∏–∫–µ—Ç. –ï—Å–ª–∏ –Ω–∞–±—Ä–∞–ª–æ—Å—å 6+, –∑–∞–∫—Ä–æ–π—Ç–µ —ç—Ç–æ—Ç –¢–∏–∫–µ—Ç.",,"Need to reformulate the ""standalone group"" term, or use that mechanic more often so that it's in the glossary."
,,1,DESIGN,A Dozen Sigma Mockups,‚ñ¢,12,üöÄ: Place 1 counter on this Ticket for each Completed Feature that has matching Markets with the Feature under this Ticket.,"üöÄ: –ü–æ–º–µ—Å—Ç–∏—Ç–µ 1 —á–µ–ª–æ–≤–µ–∫–æ-—á–∞—Å –Ω–∞ —ç—Ç–æ—Ç –¢–∏–∫–µ—Ç –∑–∞ –∫–∞–∂–¥—É—é –ó–∞–≤–µ—Ä—à—ë–Ω–Ω—É—é –§–∏—á—É —Å —Ç–∞–∫–∏–º–∏ –∂–µ –†—ã–Ω–∫–∞–º–∏, –∫–∞–∫ –Ω–∞ –§–∏—á–µ –ø–æ–¥ —ç—Ç–∏–º –¢–∏–∫–µ—Ç–æ–º.",,
,,2,MARKETING,Slopification,‚úï,10,"üöÄ: Place 1 counter on this Ticket for every Open DESIGN or MARKETING Ticket (this one included; up to 10 counters).

üÖ∞Ô∏è:  Spend your action to remove 1 counter. At 0, close it.","üöÄ: –ü–æ–º–µ—Å—Ç–∏—Ç–µ 1 —á–µ–ª–æ–≤–µ–∫–æ-—á–∞—Å –Ω–∞ —ç—Ç–æ—Ç –¢–∏–∫–µ—Ç –∑–∞ –∫–∞–∂–¥—ã–π –û—Ç–∫—Ä—ã—Ç—ã–π DESIGN –∏–ª–∏ MARKETING –¢–∏–∫–µ—Ç (–≤–∫–ª—é—á–∞—è —ç—Ç–æ—Ç; –¥–æ 10 —á–µ–ª–æ–≤–µ–∫–æ-—á–∞—Å–æ–≤).

üÖ∞Ô∏è: –ü–æ—Ç—Ä–∞—Ç—å—Ç–µ —Å–≤–æ—ë –¥–µ–π—Å—Ç–≤–∏–µ, —á—Ç–æ–±—ã —É–±—Ä–∞—Ç—å 1 —á–µ–ª–æ–≤–µ–∫–æ-—á–∞—Å. –ö–æ–≥–¥–∞ 0, –∑–∞–∫—Ä–æ–π—Ç–µ —ç—Ç–æ—Ç –¢–∏–∫–µ—Ç.",,
,,1,DESIGN,You'll Need A Vacation,‚ñ¢,10,üÖ∞Ô∏è:  Spend your action and discard 3 cards from your hand to close this Ticket at once.,"üÖ∞Ô∏è:  –ü–æ—Ç—Ä–∞—Ç—å—Ç–µ —Å–≤–æ—ë –¥–µ–π—Å—Ç–≤–∏–µ –∏ —Å–±—Ä–æ—Å—å—Ç–µ 3 –∫–∞—Ä—Ç—ã –∏–∑ —Ä—É–∫–∏, —á—Ç–æ–±—ã –∑–∞–∫—Ä—ã—Ç—å —ç—Ç–æ—Ç –¢–∏–∫–µ—Ç.",,
,,1,ANY,Wildcard,‚ñ¢,5,This Ticket acts as if it belongs to each category.,–≠—Ç–æ—Ç –¢–∏–∫–µ—Ç –ø—Ä–∏–Ω–∞–¥–ª–µ–∂–∏—Ç —Å—Ä–∞–∑—É –∫–æ –≤—Å–µ–º –∫–∞—Ç–µ–≥–æ—Ä–∏—è–º.,,
,,1,ADMIN,Cracked (???),‚ñ¢,5,"üÖ∞Ô∏è: Roll a die. On 5-6, place as many counters on this Ticket as there are on the cheapest adjacent Ticket (on 4 sides). If 5 counters or more, close this Ticket.","üÖ∞Ô∏è: –ö–∏–Ω—å—Ç–µ –∫—É–±–∏–∫. –ï—Å–ª–∏ 5-6, –ø–æ–ª–æ–∂–∏—Ç–µ —Å—Ç–æ–ª—å–∫–æ —á–µ–ª–æ–≤–µ–∫–æ-—á–∞—Å–æ–≤ –Ω–∞ —ç—Ç–æ—Ç –¢–∏–∫–µ—Ç, —Å–∫–æ–ª—å–∫–æ –µ—Å—Ç—å –Ω–∞ —Å–∞–º–æ–º –¥–µ—à—ë–≤–æ–º –ø—Ä–∏–ª–µ–≥–∞—é—â–µ–º –¢–∏–∫–µ—Ç–µ (–ø–æ 4 —Å—Ç–æ—Ä–æ–Ω–∞–º). –ï—Å–ª–∏ 5+, –∑–∞–∫—Ä–æ–π—Ç–µ —ç—Ç–æ—Ç –¢–∏–∫–µ—Ç.",,
,,2,MARKETING,Fix A Typo,‚ñ¢,1,,,,
,,2,TECH,Fix The Typo,‚ñ¢,1,"üéØ: If there is another Ticket under this one and it's a TECH Ticket, roll a die. On 6, close that other TECH Ticket as well.","üéØ: –ï—Å–ª–∏ –ø–æ–¥ —ç—Ç–∏–º –¢–∏–∫–µ—Ç–æ–º –µ—Å—Ç—å –µ—â—ë –æ–¥–∏–Ω, –∏ —ç—Ç–æ TECH –¢–∏–∫–µ—Ç, –∫–∏–Ω—å—Ç–µ –∫—É–±–∏–∫. –ï—Å–ª–∏ 6, —Ç–∞–∫–∂–µ –∑–∞–∫—Ä–æ–π—Ç–µ —ç—Ç–æ—Ç –≤—Ç–æ—Ä–æ–π TECH –¢–∏–∫–µ—Ç.",,
,,2,DESIGN,More Mockups,‚ñ¢,3,,,,
,,2,TECH,A Chunk Of Work,‚ñ¢,3,,,,
,,1,TECH,"AI Isn't A Pit, AI Is A Mirror",‚ñ¢,8,"When placing counters on this Ticket, place instead as many counters as there are cards in the hand of the player who has the least cards.","–ö–æ–≥–¥–∞ –ø–æ–º–µ—â–∞–µ—Ç–µ —á–µ–ª–æ–≤–µ–∫–æ-—á–∞—Å—ã –Ω–∞ —ç—Ç–æ—Ç –¢–∏–∫–µ—Ç, –≤–º–µ—Å—Ç–æ –∑–∞–¥—É–º–∞–Ω–Ω–æ–≥–æ –∫–æ–ª–∏—á–µ—Å—Ç–≤–æ –ø–æ–ª–æ–∂–∏—Ç–µ —Å—Ç–æ–ª—å–∫–æ, —Å–∫–æ–ª—å–∫–æ –∫–∞—Ä—Ç –≤ —Ä—É–∫–µ –∏–≥—Ä–æ–∫–∞ —Å –Ω–∞–∏–º–µ–Ω—å—à–∏–º –∫–æ–ª–∏—á–µ—Å—Ç–≤–æ–º –∫–∞—Ä—Ç.",,"Originally, the name was ""AI Isn't A Mind, It's A Mirror"""
,,2,TECH,Simple Update,‚ñ¢,2,,,,
,,1,DESIGN,Bad On Purpose,‚ñ¢,3,"üéØ: The player who closed this Ticket either:
- draws a card if this is the last Ticket before the Feature is Completed
- discards a card otherwise","üéØ: –ò–≥—Ä–æ–∫, –∫–æ—Ç–æ—Ä—ã–π –∑–∞–∫—Ä—ã–≤–∞–µ—Ç —ç—Ç–æ—Ç –¢–∏–∫–µ—Ç:
- –±–µ—Ä—ë—Ç –∫–∞—Ä—Ç—É, –µ—Å–ª–∏ —ç—Ç–æ –±—ã–ª –ø–æ—Å–ª–µ–¥–Ω–∏–π –¢–∏–∫–µ—Ç –ø–µ—Ä–µ–¥ –ó–∞–≤–µ—Ä—à–µ–Ω–∏–µ–º –§–∏—á–∏
- —Å–±—Ä–∞—Å—ã–≤–∞–µ—Ç –∫–∞—Ä—Ç—É –≤ –∏–Ω–æ–º —Å–ª—É—á–∞–µ",,
,,3,ADMIN,Basically Nothing,‚ñ¢,1,,,,
,,1,DESIGN,Generate The Logo,‚ñ¢,0,"You cannot conventionally place counters on this Ticket. Instead, spend your action and roll a die. On 6, close this Ticket.","–í—ã –Ω–µ –º–æ–∂–µ—Ç–µ –∫–ª–∞—Å—Ç—å —á–µ–ª–æ–≤–µ–∫–æ-—á–∞—Å—ã –Ω–∞ —ç—Ç–æ—Ç –¢–∏–∫–µ—Ç –æ–±—ã—á–Ω—ã–º —Å–ø–æ—Å–æ–±–æ–º. –í–º–µ—Å—Ç–æ —ç—Ç–æ–≥–æ, –ø–æ—Ç—Ä–∞—Ç—å—Ç–µ –¥–µ–π—Å—Ç–≤–∏–µ –∏ –∫–∏–Ω—å—Ç–µ –∫—É–±–∏–∫. –ï—Å–ª–∏ 6, –∑–∞–∫—Ä–æ–π—Ç–µ —ç—Ç–æ—Ç –¢–∏–∫–µ—Ç.",,
,,1,ADMIN,Rote Work,‚ñ¢,10,,,,
,,1,TECH,Merging Databases,‚ñ¢,5,"üöÄ: Place 4 counters on this Ticket. For each currently open TECH Ticket in the Product, remove 1 counter.","üöÄ: –ü–æ–ª–æ–∂–∏—Ç–µ 4 —á–µ–ª–æ–≤–µ–∫–æ-—á–∞—Å–∞ –Ω–∞ —ç—Ç–æ—Ç –¢–∏–∫–µ—Ç. –ó–∞ –∫–∞–∂–¥—ã–π –æ—Ç–∫—Ä—ã—Ç—ã–π —Å–µ–π—á–∞—Å TECH –¢–∏–∫–µ—Ç –≤ –ü—Ä–æ–¥—É–∫—Ç–µ, —Å–Ω–∏–º–∏—Ç–µ 1 —á–µ–ª–æ–≤–µ–∫–æ-—á–∞—Å.",,Probably reformulate the text.
,,2,ADMIN,Just Another Ticket,‚ñ¢,3,,,,
,,3,ADMIN,Just A One-Liner,‚ñ¢,2,,,,
,,1,ADMIN,Crasher,‚ñ¢,4,Discard a card every time you place counters on this Ticket.,"–°–±—Ä–æ—Å—å—Ç–µ –∫–∞—Ä—Ç—É –∫–∞–∂–¥—ã–π —Ä–∞–∑, –∫–æ–≥–¥–∞ –∫–ª–∞–¥—ë—Ç–µ —á–µ–ª–æ–≤–µ–∫–æ-—á–∞—Å—ã –Ω–∞ —ç—Ç–æ—Ç –¢–∏–∫–µ—Ç.",,It was formerly called Burnout.
,,1,ADMIN,Reprioritization,‚úï,4,"Pull one counter from every adjacent (on 4 sides) Ticket, if possible.

Spend your action to remove a counter from this Ticket. At 0, close it.","–°—Ç—è–Ω–∏—Ç–µ –ø–æ –æ–¥–Ω–æ–º—É —á–µ–ª–æ–≤–µ–∫–æ-—á–∞—Å—É —Å –∫–∞–∂–¥–æ–≥–æ –∏–∑ –ø—Ä–∏–ª–µ–≥–∞—é—â–∏—Ö (–ø–æ 4 —Å—Ç–æ—Ä–æ–Ω–∞–º) –¢–∏–∫–µ—Ç–æ–≤, –µ—Å–ª–∏ —ç—Ç–æ –≤–æ–∑–º–æ–∂–Ω–æ.

–ü–æ—Ç—Ä–∞—Ç—å—Ç–µ –¥–µ–π—Å—Ç–≤–∏–µ, —á—Ç–æ–±—ã —Å–Ω—è—Ç—å —á–µ–ª–æ–≤–µ–∫–æ-—á–∞—Å —Å —ç—Ç–æ–≥–æ –¢–∏–∫–µ—Ç–∞. –ï—Å–ª–∏ 0, –∑–∞–∫—Ä–æ–π—Ç–µ –µ–≥–æ.",,
,,1,TECH,Prompt Engineering,‚ñ¢,3,"You cannot conventionally place a counter on this Ticket. Instead, spend your action and roll a die. On 5-6, place 1 counter on it.","–í—ã –Ω–µ –º–æ–∂–µ—Ç–µ –∫–ª–∞—Å—Ç—å —á–µ–ª–æ–≤–µ–∫–æ-—á–∞—Å—ã –Ω–∞ —ç—Ç–æ—Ç –¢–∏–∫–µ—Ç –æ–±—ã—á–Ω—ã–º —Å–ø–æ—Å–æ–±–æ–º. –í–º–µ—Å—Ç–æ —ç—Ç–æ–≥–æ, –ø–æ—Ç—Ä–∞—Ç—å—Ç–µ –¥–µ–π—Å—Ç–≤–∏–µ –∏ –∫–∏–Ω—å—Ç–µ –∫—É–±–∏–∫. –ï—Å–ª–∏ 5-6, –ø–æ–º–µ—Å—Ç–∏—Ç–µ 1 —á–µ–ª–æ–≤–µ–∫–æ-—á–∞—Å –Ω–∞ —ç—Ç–æ—Ç –¢–∏–∫–µ—Ç.",,
